{
  "norm_stats": {
    "state": {
      "mean": [
        0.9090590476989746,
        -0.2655094563961029,
        0.6714292168617249,
        0.6374627351760864,
        -0.04024567827582359,
        0.13600565493106842,
        0.5069271326065063,
        1.1146022081375122,
        -0.18305262923240662,
        0.6939716935157776,
        0.1106429249048233,
        0.03377845510840416,
        0.1725759506225586,
        0.2364351749420166,
        0.013138223439455032,
        -0.01307011116296053,
        -0.012206501327455044,
        -0.39877814054489136,
        0.03515240177512169,
        -0.9181658625602722,
        0.007847168482840061,
        0.8747217655181885,
        0.3122912645339966,
        0.0,
        0.0,
        0.0,
        0.0,
        0.0,
        0.0,
        0.0,
        0.0,
        0.0
      ],
      "std": [
        1.6445108652114868,
        1.3257745504379272,
        0.4486067593097687,
        1.339377760887146,
        0.4607357978820801,
        0.6287892460823059,
        0.44050800800323486,
        1.5618232488632202,
        1.3465410470962524,
        0.6226199865341187,
        0.5372263789176941,
        0.4254510700702667,
        0.5191144943237305,
        0.46024468541145325,
        0.017762647941708565,
        0.01772448420524597,
        0.22465845942497253,
        0.593919038772583,
        0.6469948291778564,
        1.1719647645950317,
        0.21705728769302368,
        1.1543285846710205,
        0.4951673150062561,
        0.0,
        0.0,
        0.0,
        0.0,
        0.0,
        0.0,
        0.0,
        0.0,
        0.0
      ],
      "q01": [
        -0.8168235762596128,
        -3.9024552767753597,
        -0.0012921531736850567,
        -1.2306853491067886,
        -2.2759158269882205,
        -1.0308870820999143,
        -0.00015701082567684348,
        -0.044355038738251196,
        -3.6789953928947448,
        -0.002976906484365466,
        -1.2552225410461426,
        -0.9920960827112197,
        -1.223928360891342,
        -0.6146511415004731,
        -0.000025872939452528925,
        -0.04004775075595826,
        -0.905429170703888,
        -1.7653323412656785,
        -1.9378058296203613,
        -3.01690510931015,
        -0.6586410389423372,
        0.0,
        -0.3473676697015762,
        0.0,
        0.0,
        0.0,
        0.0,
        0.0,
        0.0,
        0.0,
        0.0,
        0.0
      ],
      "q99": [
        5.595991157627106,
        2.3057210408210755,
        1.9184860778421164,
        3.2105717624664303,
        1.594482483625412,
        1.8440999487876892,
        0.999799728271761,
        5.809941686058044,
        2.373225702953339,
        2.0439495429992673,
        1.02131435174942,
        0.8798017006516456,
        2.1172135456562042,
        0.9996521647691727,
        0.040032803323306144,
        -0.00004704260779545,
        0.8360773961067198,
        0.2972980741739275,
        1.947175197982788,
        -0.000616827869415637,
        0.7857235611438749,
        3.5785100817203523,
        1.884455243229866,
        0.0,
        0.0,
        0.0,
        0.0,
        0.0,
        0.0,
        0.0,
        0.0,
        0.0
      ]
    },
    "actions": {
      "mean": [
        -0.09762705117464066,
        0.3796360194683075,
        0.21395504474639893,
        -0.0554061159491539,
        0.01470951922237873,
        0.04812147468328476,
        0.2426602989435196,
        0.09481196850538254,
        0.397771954536438,
        0.2511292099952698,
        -0.05695805698633194,
        0.11750652641057968,
        0.11199874430894852,
        0.2282407432794571,
        0.0,
        0.0,
        0.0,
        0.0,
        0.0,
        0.0,
        0.0,
        0.0,
        0.0,
        0.0,
        0.0,
        0.0,
        0.0,
        0.0,
        0.0,
        0.0,
        0.0,
        0.0
      ],
      "std": [
        0.29441356658935547,
        0.7552195191383362,
        0.5662439465522766,
        0.36705657839775085,
        0.1184164434671402,
        0.5373469591140747,
        0.675365149974823,
        0.3655054569244385,
        0.7881203293800354,
        0.5636600852012634,
        0.39653947949409485,
        0.3391042649745941,
        0.5260030627250671,
        0.4145418703556061,
        0.0,
        0.0,
        0.0,
        0.0,
        0.0,
        0.0,
        0.0,
        0.0,
        0.0,
        0.0,
        0.0,
        0.0,
        0.0,
        0.0,
        0.0,
        0.0,
        0.0,
        0.0
      ],
      "q01": [
        -0.8326446652412418,
        -0.5323620087146759,
        -0.8447108399391174,
        -1.256010874581337,
        -0.2773930863976478,
        -1.0002873168945312,
        -1.0,
        -0.6876843491554263,
        -0.2239762157440185,
        -0.3106835035324096,
        -1.2797821239471436,
        -0.39395936107635493,
        -1.3804578117370605,
        0.0,
        0.0,
        0.0,
        0.0,
        0.0,
        0.0,
        0.0,
        0.0,
        0.0,
        0.0,
        0.0,
        0.0,
        0.0,
        0.0,
        0.0,
        0.0,
        0.0,
        0.0,
        0.0
      ],
      "q99": [
        0.6756324843406674,
        2.3417525170326234,
        1.9829167219161987,
        0.9606650171756743,
        0.5712271153092385,
        1.8760906124114989,
        0.9996,
        0.9952651268959043,
        2.406263690185547,
        2.1124642416954043,
        1.0226787730216977,
        0.9997083545923233,
        2.1366065749645236,
        0.9998,
        0.0,
        0.0,
        0.0,
        0.0,
        0.0,
        0.0,
        0.0,
        0.0,
        0.0,
        0.0,
        0.0,
        0.0,
        0.0,
        0.0,
        0.0,
        0.0,
        0.0,
        0.0
      ]
    }
  }
}