{
    "norm_stats": {
      "state": {
        "mean": [
          -0.2662532925605774,
          0.9027500152587891,
          0.5798501968383789,
          -0.1409902274608612,
          0.029791323468089104,
          0.10252106934785843,
          0.6870557069778442,
          0.31581372022628784,
          1.0070645809173584,
          0.6540167927742004,
          -0.1471254825592041,
          0.007366422563791275,
          0.292492538690567,
          0.6530953645706177
        ],
        "std": [
          0.3378651440143585,
          0.9410350322723389,
          0.6675435900688171,
          0.5677444338798523,
          0.178544819355011,
          0.7071177959442139,
          0.4513711929321289,
          0.3439122140407562,
          0.9613460898399353,
          0.7004765272140503,
          0.6006136536598206,
          0.17934606969356537,
          0.7946775555610657,
          0.4634324312210083
        ],
        "q01": [
          -0.9460291362762447,
          0.0,
          -0.002619341719150542,
          -1.3808122668504714,
          -0.5389484915614128,
          -1.5691647700309752,
          0.0,
          -0.0031819628715519244,
          0.0,
          -0.002976906484365466,
          -1.397804563999176,
          -0.5019956181049346,
          -2.490016131448746,
          0.0
        ],
        "q99": [
          -0.0020374937057496822,
          2.44230204334259,
          2.2204214719355106,
          0.9860606493234636,
          0.6327213328242303,
          2.0068350637435914,
          0.9998,
          1.0364382027626036,
          2.5231167491912845,
          2.3822054431051014,
          1.053378251647949,
          0.7308642842173578,
          2.3333073008060454,
          0.9998
        ]
      },
      "actions": {
        "mean": [
          -0.024551168084144592,
          0.09851298481225967,
          0.0658329650759697,
          -0.006996283773332834,
          0.012094593606889248,
          -0.0019791261292994022,
          0.6433352828025818,
          0.02707732282578945,
          0.10430525988340378,
          0.07240637391805649,
          -0.007367124315351248,
          -0.008574300445616245,
          0.014352060854434967,
          0.6078596711158752
        ],
        "std": [
          0.15238548815250397,
          0.37174710631370544,
          0.2797718346118927,
          0.26277536153793335,
          0.09813263267278671,
          0.28792330622673035,
          0.4670959413051605,
          0.1551847606897354,
          0.38482439517974854,
          0.2946532964706421,
          0.2803274095058441,
          0.08721982687711716,
          0.3073590099811554,
          0.4759991466999054
        ],
        "q01": [
          -0.5899992599487298,
          -0.4236669343948364,
          -0.4387924033164978,
          -0.8422412285804749,
          -0.2380367871880531,
          -1.1604105312347412,
          0.0,
          -0.34059252490997327,
          -0.423350961112976,
          -0.46224831657409693,
          -0.865360093164444,
          -0.3794160187840462,
          -0.9137523114204407,
          0.0
        ],
        "q99": [
          0.32838127899169933,
          1.8617045549392701,
          1.2658620528221132,
          1.0714072878837584,
          0.4978440157413484,
          0.9995697658538818,
          0.9998,
          0.6641531048774718,
          1.9107601561546326,
          1.3333408863067624,
          1.2333777621269224,
          0.22766464090347305,
          1.332430922889709,
          0.9998
        ]
      }
    }
  }